{
	"class_name" : "PinholeCameraParameters",
	"extrinsic" : 
	[
		0.92897614559958819,
		0.18891225222401445,
		0.31830092972937274,
		0.0,
		0.04089173789726662,
		-0.90706480426382763,
		0.41900036591578949,
		0.0,
		0.36787387332980576,
		-0.37622546674231733,
		-0.85036651597758228,
		0.0,
		-191.87799011375031,
		-12.952299789159184,
		271.05845228463141,
		1.0
	],
	"intrinsic" : 
	{
		"height" : 972,
		"intrinsic_matrix" : 
		[
			841.77669247847439,
			0.0,
			0.0,
			0.0,
			841.77669247847439,
			0.0,
			959.5,
			485.5,
			1.0
		],
		"width" : 1920
	},
	"version_major" : 1,
	"version_minor" : 0
}